BassClarinet_24.wav,BassClarinet
BassClarinet_12.wav,BassClarinet
Viola_35.wav,Viola
Viola_20.wav,Viola
Marimba_13.wav,Marimba
Marimba_22.wav,Marimba
BbClarinet_25.wav,BbClarinet
Xylophone_16.wav,Xylophone
Cello_10.wav,Cello
Xylophone_25.wav,Xylophone
TenorTrombone_21.wav,TenorTrombone
Cello_31.wav,Cello
Viola_15.wav,BassClarinet
EbClarinet_12.wav,EbClarinet
Marimba_04.wav,Marimba
BassClarinet_30.wav,BassClarinet
Cello_30.wav,Cello
BassTrombone_08.wav,BassTrombone
Cello_25.wav,Cello
BbClarinet_01.wav,BbClarinet
BbClarinet_20.wav,BbClarinet
Cello_02.wav,Cello
Violin_01.wav,Violin
TenorTrombone_10.wav,TenorTrombone
Xylophone_09.wav,Xylophone
Cello_07.wav,Cello
Marimba_06.wav,Marimba
Xylophone_05.wav,Xylophone
Marimba_03.wav,Marimba
BbClarinet_21.wav,BbClarinet
Marimba_29.wav,Marimba
EbClarinet_18.wav,EbClarinet
BassTrombone_13.wav,BassTrombone
EbClarinet_22.wav,EbClarinet
Marimba_10.wav,Marimba
EbClarinet_25.wav,EbClarinet
BbClarinet_06.wav,BbClarinet
Viola_33.wav,Viola
Violin_19.wav,Violin
TenorTrombone_02.wav,TenorTrombone
BassTrombone_02.wav,BassTrombone
Viola_21.wav,Viola
Violin_02.wav,Violin
Violin_09.wav,Violin
BassTrombone_03.wav,BassTrombone
EbClarinet_16.wav,EbClarinet
TenorTrombone_03.wav,TenorTrombone
TenorTrombone_08.wav,TenorTrombone
BbClarinet_09.wav,BbClarinet
BassClarinet_02.wav,BassClarinet
BassClarinet_09.wav,BassClarinet
Viola_01.wav,Viola
Violin_20.wav,Violin
Marimba_37.wav,Viola
Xylophone_28.wav,Xylophone
BassClarinet_19.wav,BassClarinet
Viola_24.wav,Viola
Marimba_23.wav,Marimba
BbClarinet_19.wav,BbClarinet
Violin_27.wav,Violin
Xylophone_07.wav,Xylophone
